{"cameraMode":{"drawMode":0,"name":"Shaded","section":"Shading Mode"},"sceneLighting":false,"audioPlay":false,"sceneViewState":{"showFog":true,"showMaterialUpdate":false,"showSkybox":false,"showFlares":true,"showImageEffects":true,"showParticleSystems":true},"in2DMode":false,"pivot":{"x":0.0,"y":0.5499999523162842,"z":-13.300000190734864},"rotation":{"x":0.04242289066314697,"y":0.9422168731689453,"z":-0.13085772097110749,"w":0.3054583668708801},"size":4.5830302238464359,"orthographic":true}