{"cameraMode":{"drawMode":0,"name":"Shaded","section":"Shading Mode"},"sceneLighting":false,"audioPlay":false,"sceneViewState":{"showFog":true,"showMaterialUpdate":false,"showSkybox":false,"showFlares":true,"showImageEffects":true,"showParticleSystems":true},"in2DMode":false,"pivot":{"x":0.0,"y":1.0899999141693116,"z":-13.300000190734864},"rotation":{"x":0.18280409276485444,"y":0.7961552739143372,"z":-0.2928771376609802,"w":0.49693384766578677},"size":2.8478147983551027,"orthographic":true}