{"cameraMode":{"drawMode":0,"name":"Shaded","section":"Shading Mode"},"sceneLighting":false,"audioPlay":false,"sceneViewState":{"showFog":true,"showMaterialUpdate":false,"showSkybox":false,"showFlares":true,"showImageEffects":true,"showParticleSystems":true},"in2DMode":false,"pivot":{"x":0.0,"y":1.1099998950958253,"z":-13.300000190734864},"rotation":{"x":0.07067316025495529,"y":0.9109514355659485,"z":-0.3664890229701996,"w":0.1756664663553238},"size":3.0749993324279787,"orthographic":true}