{"cameraMode":{"drawMode":0,"name":"Shaded","section":"Shading Mode"},"sceneLighting":false,"audioPlay":false,"sceneViewState":{"showFog":true,"showMaterialUpdate":false,"showSkybox":false,"showFlares":true,"showImageEffects":true,"showParticleSystems":true},"in2DMode":false,"pivot":{"x":0.0,"y":0.9499999284744263,"z":-13.300000190734864},"rotation":{"x":0.2519330680370331,"y":0.7179610133171082,"z":-0.3206218183040619,"w":0.5641481280326843},"size":3.0749993324279787,"orthographic":true}