{"cameraMode":{"drawMode":0,"name":"Shaded","section":"Shading Mode"},"sceneLighting":true,"audioPlay":false,"sceneViewState":{"showFog":true,"showMaterialUpdate":false,"showSkybox":false,"showFlares":true,"showImageEffects":true,"showParticleSystems":true},"in2DMode":false,"pivot":{"x":-1.8898417949676514,"y":4.129079818725586,"z":-7.611388206481934},"rotation":{"x":0.3202440142631531,"y":-0.2339533269405365,"z":0.08194229751825333,"w":0.9143279194831848},"size":55.30261993408203,"orthographic":false}