{"cameraMode":{"drawMode":0,"name":"Shaded","section":"Shading Mode"},"sceneLighting":true,"audioPlay":false,"sceneViewState":{"showFog":true,"showMaterialUpdate":false,"showSkybox":false,"showFlares":true,"showImageEffects":true,"showParticleSystems":true},"in2DMode":false,"pivot":{"x":6.724215984344482,"y":8.40505313873291,"z":-10.34985065460205},"rotation":{"x":-0.3572790324687958,"y":0.5908891558647156,"z":-0.327274352312088,"w":-0.6450580358505249},"size":1.5448639392852784,"orthographic":false}