{"cameraMode":{"drawMode":0,"name":"Shaded","section":"Shading Mode"},"sceneLighting":false,"audioPlay":false,"sceneViewState":{"showFog":true,"showMaterialUpdate":false,"showSkybox":false,"showFlares":true,"showImageEffects":true,"showParticleSystems":true},"in2DMode":false,"pivot":{"x":0.0,"y":1.0999999046325684,"z":-13.300000190734864},"rotation":{"x":0.1658220887184143,"y":0.823172390460968,"z":-0.3028157353401184,"w":0.45077037811279299},"size":3.4579927921295168,"orthographic":true}